barcode44,b6n
barcode45,b6n
barcode46,b6n
barcode47,b6n
barcode48,b6n
barcode49,b6n
barcode50,b6n
barcode51,b6n
barcode39,cba
barcode40,cba
barcode41,cba
barcode42,cba
barcode43,cba
barcode44,cba
barcode45,cba
barcode46,cba
barcode47,cba
barcode48,cba
barcode49,cba
barcode50,cba
barcode51,cba
barcode52,cba
barcode53,cba
barcode54,c3h
barcode55,c3h
barcode56,c3h
barcode57,c3h
barcode58,c3h
barcode59,c3h
barcode60,c3h
barcode61,c3h
barcode62,c3h
barcode63,c3h
barcode64,c3h
barcode01,balbc
barcode02,balbc
barcode03,balbc
barcode04,balbc
barcode05,balbc
barcode06,balbc
barcode07,balbc
barcode08,balbc
barcode09,balbc
barcode10,balbc
barcode11,balbc
barcode12,balbc
barcode13,balbc
barcode14,balbc
barcode15,balbc
barcode16,balbc
barcode17,balbc
barcode18,balbc
barcode19,balbc
barcode20,balbc
barcode21,balbc
barcode22,balbc
barcode01,sjl
barcode02,sjl
barcode03,sjl
barcode04,sjl
barcode05,sjl
barcode06,sjl
barcode07,sjl
barcode08,sjl
barcode09,sjl
barcode10,sjl
barcode11,sjl
barcode12,sjl
barcode13,sjl
barcode14,sjl
barcode15,sjl
barcode16,sjl
barcode17,sjl
barcode18,sjl
barcode19,sjl
barcode20,sjl
barcode21,sjl
barcode22,dba1
barcode23,dba1
barcode24,dba1
barcode25,dba1
barcode26,dba1
barcode27,dba1
barcode28,dba1
barcode29,dba1
barcode30,dba1
barcode31,dba2
barcode32,dba2
barcode33,dba2
barcode34,dba2
barcode35,dba2
barcode36,dba2
barcode37,dba2
barcode38,dba2
barcode39,dba2
barcode40,dba2
barcode41,dba2
barcode42,dba2
barcode43,dba2
barcode23,nc
barcode24,nc
barcode25,nc
barcode26,nc
barcode27,nc
barcode28,nc
barcode29,nc
barcode30,nc
barcode31,nc
barcode32,nc
barcode33,nc
barcode34,nc
barcode35,nc
barcode36,nc
barcode37,nc
barcode38,nc
